order,orig_org_id,base_org_id,suffix,parent_orig_org_id,parent_base_org_id,parent_org_id_suffix,superior_orig_org_id,superior_base_org_id,superior_suffix,org_code,org_nomenclature,org_type_id,echelon,rollup_code
1,UA,UA,ARMY.MIL,,,,,,,A,Unit-Of-Action,UA,Brigade,R
2,UA-HHC,UA-HHC,1-UA.ARMY.MIL,UA,UA,ARMY.MIL,UA,UA,ARMY.MIL,AA,Brigade-Headquarters,UA-HHC,Company,R
3,UA-MCG1,MCG1,1-UA.ARMY.MIL,UA-HHC,UA-HHC,1-UA.ARMY.MIL,UA-HHC,UA-HHC,1-UA.ARMY.MIL,AAA,UA-Mobile-CMD-Group-1,UA-MCG,,O
4,UA-MCG2,MCG2,1-UA.ARMY.MIL,UA-HHC,UA-HHC,1-UA.ARMY.MIL,UA-MCG1,MCG1,1-UA.ARMY.MIL,AAB,UA-Mobile-CMD-Group-2,UA-MCG,,O
5,UA-TACP,TACP,1-UA.ARMY.MIL,UA-HHC,UA-HHC,1-UA.ARMY.MIL,UA-MCG1,MCG1,1-UA.ARMY.MIL,AAC,UA-Tactical-Command-Post,UA-TACP,,O
6,UA-MED-SPT,MED-SPT,1-UA.ARMY.MIL,UA-HHC,UA-HHC,1-UA.ARMY.MIL,UA-MCG1,MCG1,1-UA.ARMY.MIL,AAD,UA-Medical-Support,UA-MED-SPT,,O
7,UA-CO-HQ-SECTION,UA-CO-HQ-SECTION,1-UA.ARMY.MIL,UA-HHC,UA-HHC,1-UA.ARMY.MIL,UA-MCG1,MCG1,1-UA.ARMY.MIL,AAE,UA-CO-HQ-Section,UA-CO-HQ-SECTION,Section,O
8,UA-BIC-CO,BIC-CO,1-UA.ARMY.MIL,UA,UA,ARMY.MIL,UA-HHC,UA-HHC,1-UA.ARMY.MIL,AB,UA BDE Intel and Comm Company,UA-BIC-CO,Company,R
9,UA-BIC-CO-HQ,CO-HQ,BIC.1-UA.ARMY.MIL,UA-BIC-CO,BIC-CO,1-UA.ARMY.MIL,UA-HHC,UA-HHC,1-UA.ARMY.MIL,ABA,UA BIC Company Headquarters,UA-BIC-CO-HQ,,O
10,UA-BIC-RANGE-EXT-SECTION,RANGE-EXT-SECTION,BIC.1-UA.ARMY.MIL,UA-BIC-CO,BIC-CO,1-UA.ARMY.MIL,UA-BIC-CO-HQ,CO-HQ,BIC.1-UA.ARMY.MIL,ABB,BIC Range Extension Section,UA-BIC-RANGE-EXT-SECTION,Section,R
11,UA-BIC-RANGE-EXT-UA-HQ-SQUAD,RANGE-EXT-HQ-SQUAD,BIC.1-UA.ARMY.MIL,UA-BIC-RANGE-EXT-SECTION,RANGE-EXT-SECTION,BIC.1-UA.ARMY.MIL,UA-BIC-CO-HQ,CO-HQ,BIC.1-UA.ARMY.MIL,ABBA,BIC Range Extension UA HQ Squad,UA-BIC-RANGE-EXT-UA-HQ-SQUAD,Squad,O
12,UA-BIC-RANGE-EXT-FSB-SQUAD,RANGE-EXT-FSB-SQUAD,BIC.1-UA.ARMY.MIL,UA-BIC-RANGE-EXT-SECTION,RANGE-EXT-SECTION,BIC.1-UA.ARMY.MIL,UA-BIC-RANGE-EXT-UA-HQ-SQUAD,RANGE-EXT-HQ-SQUAD,BIC.1-UA.ARMY.MIL,ABBB,BIC Range Extension FSB Squad,UA-BIC-RANGE-EXT-FSB-SQUAD,Squad,O
13,UA-BIC-RANGE-EXT-1-CA-BN-SQUAD,RANGE-EXT-1-CA-BN-SQUAD,BIC.1-UA.ARMY.MIL,UA-BIC-RANGE-EXT-SECTION,RANGE-EXT-SECTION,BIC.1-UA.ARMY.MIL,UA-BIC-RANGE-EXT-UA-HQ-SQUAD,RANGE-EXT-HQ-SQUAD,BIC.1-UA.ARMY.MIL,ABBC,BIC Range Extension 1-CA-BN Squad,UA-BIC-RANGE-EXT-SQUAD,Squad,O
14,UA-BIC-RANGE-EXT-2-CA-BN-SQUAD,RANGE-EXT-2-CA-BN-SQUAD,BIC.1-UA.ARMY.MIL,UA-BIC-RANGE-EXT-SECTION,RANGE-EXT-SECTION,BIC.1-UA.ARMY.MIL,UA-BIC-RANGE-EXT-UA-HQ-SQUAD,RANGE-EXT-HQ-SQUAD,BIC.1-UA.ARMY.MIL,ABBD,BIC Range Extension 2-CA-BN Squad,UA-BIC-RANGE-EXT-SQUAD,Squad,O
15,UA-BIC-RANGE-EXT-3-CA-BN-SQUAD,RANGE-EXT-3-CA-BN-SQUAD,BIC.1-UA.ARMY.MIL,UA-BIC-RANGE-EXT-SECTION,RANGE-EXT-SECTION,BIC.1-UA.ARMY.MIL,UA-BIC-RANGE-EXT-UA-HQ-SQUAD,RANGE-EXT-HQ-SQUAD,BIC.1-UA.ARMY.MIL,ABBE,BIC Range Extension 3-CA-BN Squad,UA-BIC-RANGE-EXT-SQUAD,Squad,O
16,UA-BIC-RANGE-EXT-NLOS-SQUAD,RANGE-EXT-NLOS-SQUAD,BIC.1-UA.ARMY.MIL,UA-BIC-RANGE-EXT-SECTION,RANGE-EXT-SECTION,BIC.1-UA.ARMY.MIL,UA-BIC-RANGE-EXT-UA-HQ-SQUAD,RANGE-EXT-HQ-SQUAD,BIC.1-UA.ARMY.MIL,ABBF,BIC Range Extension NLOS Squad,UA-BIC-RANGE-EXT-NLOS-SQUAD,Squad,O
17,UA-BIC-NETOPS-SECTION,NETOPS-SECTION,BIC.1-UA.ARMY.MIL,UA-BIC-CO,BIC-CO,1-UA.ARMY.MIL,UA-BIC-CO-HQ,CO-HQ,BIC.1-UA.ARMY.MIL,ABC,BIC NETOPS Section,UA-BIC-NETOPS-SECTION,Section,R
18,UA-BIC-NETOPS-UA-HQ-SQUAD,NETOPS-HQ-SQUAD,BIC.1-UA.ARMY.MIL,UA-BIC-NETOPS-SECTION,NETOPS-SECTION,BIC.1-UA.ARMY.MIL,UA-BIC-CO-HQ,CO-HQ,BIC.1-UA.ARMY.MIL,ABCA,BIC NETOPS UA HQ Squad,UA-BIC-NETOPS-UA-HQ-SQUAD,Squad,O
19,UA-BIC-NETOPS-FSB-SQUAD,NETOPS-FSB-SQUAD,BIC.1-UA.ARMY.MIL,UA-BIC-NETOPS-SECTION,NETOPS-SECTION,BIC.1-UA.ARMY.MIL,UA-BIC-NETOPS-UA-HQ-SQUAD,NETOPS-HQ-SQUAD,BIC.1-UA.ARMY.MIL,ABCB,BIC NETOPS FSB Squad,UA-BIC-NETOPS-FSB-SQUAD,Squad,O
20,UA-BIC-NETOPS-1-CA-BN-SQUAD,NETOPS-1-CA-BN-SQUAD,BIC.1-UA.ARMY.MIL,UA-BIC-NETOPS-SECTION,NETOPS-SECTION,BIC.1-UA.ARMY.MIL,UA-BIC-NETOPS-UA-HQ-SQUAD,NETOPS-HQ-SQUAD,BIC.1-UA.ARMY.MIL,ABCC,BIC NETOPS 1-CA-BN Squad,UA-BIC-NETOPS-SQUAD,Squad,O
21,UA-BIC-NETOPS-2-CA-BN-SQUAD,NETOPS-2-CA-BN-SQUAD,BIC.1-UA.ARMY.MIL,UA-BIC-NETOPS-SECTION,NETOPS-SECTION,BIC.1-UA.ARMY.MIL,UA-BIC-NETOPS-UA-HQ-SQUAD,NETOPS-HQ-SQUAD,BIC.1-UA.ARMY.MIL,ABCD,BIC NETOPS 1-CA-BN Squad,UA-BIC-NETOPS-SQUAD,Squad,O
22,UA-BIC-NETOPS-3-CA-BN-SQUAD,NETOPS-3-CA-BN-SQUAD,BIC.1-UA.ARMY.MIL,UA-BIC-NETOPS-SECTION,NETOPS-SECTION,BIC.1-UA.ARMY.MIL,UA-BIC-NETOPS-UA-HQ-SQUAD,NETOPS-HQ-SQUAD,BIC.1-UA.ARMY.MIL,ABCE,BIC NETOPS 1-CA-BN Squad,UA-BIC-NETOPS-SQUAD,Squad,O
23,UA-BIC-NETOPS-NLOS-SQUAD,NETOPS-NLOS-SQUAD,BIC.1-UA.ARMY.MIL,UA-BIC-NETOPS-SECTION,NETOPS-SECTION,BIC.1-UA.ARMY.MIL,UA-BIC-NETOPS-UA-HQ-SQUAD,NETOPS-HQ-SQUAD,BIC.1-UA.ARMY.MIL,ABCF,BIC NETOPS NLOS Squad,UA-BIC-NETOPS-NLOS-SQUAD,Squad,O
24,UA-BIC-AP-SECTION,AP-SECTION,BIC.1-UA.ARMY.MIL,UA-BIC-CO,BIC-CO,1-UA.ARMY.MIL,UA-BIC-CO-HQ,CO-HQ,BIC.1-UA.ARMY.MIL,ABD,BIC Analysis & Processing Section,UA-BIC-AP-SECTION,Section,R
25,UA-BIC-SIT-AWARE-TEAM,SIT-AWARE-TEAM,BIC.1-UA.ARMY.MIL,UA-BIC-AP-SECTION,AP-SECTION,BIC.1-UA.ARMY.MIL,UA-BIC-CO-HQ,CO-HQ,BIC.1-UA.ARMY.MIL,ABDA,BIC Situation Awareness team,UA-BIC-SIT-AWARE-TEAM,Team,O
26,UA-BIC-TGT-DEV-TEAM,TGT-DEV-TEAM,BIC.1-UA.ARMY.MIL,UA-BIC-AP-SECTION,AP-SECTION,BIC.1-UA.ARMY.MIL,UA-BIC-SIT-AWARE-TEAM,SIT-AWARE-TEAM,BIC.1-UA.ARMY.MIL,ABDB,BIC Target Development Team,UA-BIC-TGT-DEV-TEAM,Team,O
27,UA-BIC-CI-SECTION,CI-SECTION,BIC.1-UA.ARMY.MIL,UA-BIC-CO,BIC-CO,1-UA.ARMY.MIL,UA-BIC-CO-HQ,CO-HQ,BIC.1-UA.ARMY.MIL,ABE,BIC Collection & Integration Section,UA-BIC-CI-SECTION,Section,R
28,UA-BIC-ISR-INTEG-TEAM,ISR-INTEG-TEAM,BIC.1-UA.ARMY.MIL,UA-BIC-CI-SECTION,CI-SECTION,BIC.1-UA.ARMY.MIL,UA-BIC-CO-HQ,CO-HQ,BIC.1-UA.ARMY.MIL,ABEA,BIC ISR Integration Team,UA-BIC-ISR-INTEG-TEAM,Team,O
29,UA-BIC-CP-CTRL-TEAM,CP-CTRL-TEAM,BIC.1-UA.ARMY.MIL,UA-BIC-CI-SECTION,CI-SECTION,BIC.1-UA.ARMY.MIL,UA-BIC-ISR-INTEG-TEAM,ISR-INTEG-TEAM,BIC.1-UA.ARMY.MIL,ABEB,BIC Collection/Prophet Control team,UA-BIC-CP-CTRL-TEAM,Team,O
30,1-CA-BN,1-CABN,1-UA.ARMY.MIL,UA,UA,ARMY.MIL,UA-HHC,UA-HHC,1-UA.ARMY.MIL,AC,1st Combined Arms Battalion,CA-BN,Battalion,R
31,1-CA-BN-HHC,BN-HHC,1-CABN.1-UA.ARMY.MIL,1-CA-BN,1-CABN,1-UA.ARMY.MIL,UA-HHC,UA-HHC,1-UA.ARMY.MIL,ACA,1-CA-BN Battalion Headquarters,CA-BN-HHC,Company,R
32,1-CA-BN-MCG,MCG,1-CABN.1-UA.ARMY.MIL,1-CA-BN-HHC,BN-HHC,1-CABN.1-UA.ARMY.MIL,1-CA-BN-HHC,BN-HHC,1-CABN.1-UA.ARMY.MIL,ACAA,1-CA-BN Mobile CMD Group,CA-BN-MCG,,O
33,1-CA-BN-TACP,TACP,1-CABN.1-UA.ARMY.MIL,1-CA-BN-HHC,BN-HHC,1-CABN.1-UA.ARMY.MIL,1-CA-BN-MCG,MCG,1-CABN.1-UA.ARMY.MIL,ACAB,1-CA-BN Tactical-Command-Post,CA-BN-TACP,,O
34,1-CA-BN-MED-PLT,MED-PLT,1-CABN.1-UA.ARMY.MIL,1-CA-BN-HHC,BN-HHC,1-CABN.1-UA.ARMY.MIL,1-CA-BN-MCG,MCG,1-CABN.1-UA.ARMY.MIL,ACAC,1-CA-BN Medical-Platoon,CA-BN-MED-PLT,Platoon,R
35,1-CA-BN-MED-PLT-HQ,MED-PLT-HQ,1-CABN.1-UA.ARMY.MIL,1-CA-BN-MED-PLT,MED-PLT,1-CABN.1-UA.ARMY.MIL,1-CA-BN-MCG,MCG,1-CABN.1-UA.ARMY.MIL,ACACA,1-CA-BN Medical-Platoon HQ,CA-BN-MED-PLT-HQ,,O
36,1-CA-BN-MED-PLT-TREATMENT-SQUAD,MED-PLT-TREATMENT-SQUAD,1-CABN.1-UA.ARMY.MIL,1-CA-BN-MED-PLT,MED-PLT,1-CABN.1-UA.ARMY.MIL,1-CA-BN-MED-PLT-HQ,MED-PLT-HQ,1-CABN.1-UA.ARMY.MIL,ACACB,1-CA-BN Medical-Platoon Treatment Squad,CA-BN-MED-PLT-TREATMENT-SQUAD,Squad,O
37,1-CA-BN-MED-PLT-EVAC-SECTION,MED-PLT-EVAC-SECTION,1-CABN.1-UA.ARMY.MIL,1-CA-BN-MED-PLT,MED-PLT,1-CABN.1-UA.ARMY.MIL,1-CA-BN-MED-PLT-HQ,MED-PLT-HQ,1-CABN.1-UA.ARMY.MIL,ACACC,1-CA-BN Medical-Platoon Evacuation Section,CA-BN-MED-PLT-EVAC-SECTION,Section,O
38,1-CA-BN-SUPPORT-SECTION,SUPPORT-SECTION,1-CABN.1-UA.ARMY.MIL,1-CA-BN-HHC,BN-HHC,1-CABN.1-UA.ARMY.MIL,1-CA-BN-MCG,MCG,1-CABN.1-UA.ARMY.MIL,ACAD,1-CA-BN Support-Section,CA-BN-SUPPORT-SECTION,Section,O
39,1-CA-BN-CO-HQ-SECTION,CO-HQ-SECTION,1-CABN.1-UA.ARMY.MIL,1-CA-BN-HHC,BN-HHC,1-CABN.1-UA.ARMY.MIL,1-CA-BN-MCG,MCG,1-CABN.1-UA.ARMY.MIL,ACAE,1-CA-BN CO HQ Section,CA-BN-CO-HQ-SECTION,Section,O
40,1-CA-BN-INF-CO-A,INFCO-A,1-CABN.1-UA.ARMY.MIL,1-CA-BN,1-CABN,1-UA.ARMY.MIL,1-CA-BN-HHC,BN-HHC,1-CABN.1-UA.ARMY.MIL,ACB,1-CA-BN Infantry Company A,CA-BN-INF-CO,Company,R
41,1-CA-BN-INF-CO-A-HQ,CO-HQ,INFCO-A.1-CABN.1-UA.ARMY.MIL,1-CA-BN-INF-CO-A,INFCO-A,1-CABN.1-UA.ARMY.MIL,1-CA-BN-HHC,BN-HHC,1-CABN.1-UA.ARMY.MIL,ACBA,1-CA-BN Infantry Company A HQ,CA-BN-INF-CO-HQ,,O
42,1-CA-BN-INF-CO-A-1-PLT,1-PLT,INFCO-A.1-CABN.1-UA.ARMY.MIL,1-CA-BN-INF-CO-A,INFCO-A,1-CABN.1-UA.ARMY.MIL,1-CA-BN-INF-CO-A-HQ,CO-HQ,INFCO-A.1-CABN.1-UA.ARMY.MIL,ACBB,1-CA-BN Infantry Company A 1st Platoon,CA-BN-INF-PLT,Platoon,O
48,1-CA-BN-INF-CO-A-2-PLT,2-PLT,INFCO-A.1-CABN.1-UA.ARMY.MIL,1-CA-BN-INF-CO-A,INFCO-A,1-CABN.1-UA.ARMY.MIL,1-CA-BN-INF-CO-A-HQ,CO-HQ,INFCO-A.1-CABN.1-UA.ARMY.MIL,ACBC,1-CA-BN Infantry Company A 2nd Platoon,CA-BN-INF-PLT,Platoon,O
54,1-CA-BN-INF-CO-A-3-PLT,3-PLT,INFCO-A.1-CABN.1-UA.ARMY.MIL,1-CA-BN-INF-CO-A,INFCO-A,1-CABN.1-UA.ARMY.MIL,1-CA-BN-INF-CO-A-HQ,CO-HQ,INFCO-A.1-CABN.1-UA.ARMY.MIL,ACBD,1-CA-BN Infantry Company A 3rd Platoon,CA-BN-INF-PLT,Platoon,O
60,1-CA-BN-INF-CO-B,INFCO-B,1-CABN.1-UA.ARMY.MIL,1-CA-BN,1-CABN,1-UA.ARMY.MIL,1-CA-BN-HHC,BN-HHC,1-CABN.1-UA.ARMY.MIL,ACC,1-CA-BN Infantry Company B,CA-BN-INF-CO,Company,R
61,1-CA-BN-INF-CO-B-HQ,CO-HQ,INFCO-B.1-CABN.1-UA.ARMY.MIL,1-CA-BN-INF-CO-B,INFCO-B,1-CABN.1-UA.ARMY.MIL,1-CA-BN-HHC,BN-HHC,1-CABN.1-UA.ARMY.MIL,ACCA,1-CA-BN Infantry Company B HQ,CA-BN-INF-CO-HQ,,O
62,1-CA-BN-INF-CO-B-1-PLT,1-PLT,INFCO-B.1-CABN.1-UA.ARMY.MIL,1-CA-BN-INF-CO-B,INFCO-B,1-CABN.1-UA.ARMY.MIL,1-CA-BN-INF-CO-B-HQ,CO-HQ,INFCO-B.1-CABN.1-UA.ARMY.MIL,ACCB,1-CA-BN Infantry Company B 1st Platoon,CA-BN-INF-PLT,Platoon,O
68,1-CA-BN-INF-CO-B-2-PLT,2-PLT,INFCO-B.1-CABN.1-UA.ARMY.MIL,1-CA-BN-INF-CO-B,INFCO-B,1-CABN.1-UA.ARMY.MIL,1-CA-BN-INF-CO-B-HQ,CO-HQ,INFCO-B.1-CABN.1-UA.ARMY.MIL,ACCC,1-CA-BN Infantry Company B 2nd Platoon,CA-BN-INF-PLT,Platoon,O
74,1-CA-BN-INF-CO-B-3-PLT,3-PLT,INFCO-B.1-CABN.1-UA.ARMY.MIL,1-CA-BN-INF-CO-B,INFCO-B,1-CABN.1-UA.ARMY.MIL,1-CA-BN-INF-CO-B-HQ,CO-HQ,INFCO-B.1-CABN.1-UA.ARMY.MIL,ACCD,1-CA-BN Infantry Company B 3rd Platoon,CA-BN-INF-PLT,Platoon,O
80,1-CA-BN-MCS-CO-A,MCSCO-A,1-CABN.1-UA.ARMY.MIL,1-CA-BN,1-CABN,1-UA.ARMY.MIL,1-CA-BN-HHC,BN-HHC,1-CABN.1-UA.ARMY.MIL,ACD,1-CA-BN FCS Mounted Combat System Company A,CA-BN-MCS-CO,Company,R
81,1-CA-BN-MCS-CO-A-HQ,CO-HQ,MCSCO-A.1-CABN.1-UA.ARMY.MIL,1-CA-BN-MCS-CO-A,MCSCO-A,1-CABN.1-UA.ARMY.MIL,1-CA-BN-HHC,BN-HHC,1-CABN.1-UA.ARMY.MIL,ACDA,1-CA-BN FCS MCS Company A HQ,CA-BN-MCS-CO-HQ,,O
82,1-CA-BN-MCS-CO-A-1-PLT,1-PLT,MCSCO-A.1-CABN.1-UA.ARMY.MIL,1-CA-BN-MCS-CO-A,MCSCO-A,1-CABN.1-UA.ARMY.MIL,1-CA-BN-MCS-CO-A-HQ,CO-HQ,MCSCO-A.1-CABN.1-UA.ARMY.MIL,ACDB,1-CA-BN FCS MCS Company A 1st Platoon,CA-BN-MCS-PLT,Platoon,O
83,1-CA-BN-MCS-CO-A-2-PLT,2-PLT,MCSCO-A.1-CABN.1-UA.ARMY.MIL,1-CA-BN-MCS-CO-A,MCSCO-A,1-CABN.1-UA.ARMY.MIL,1-CA-BN-MCS-CO-A-HQ,CO-HQ,MCSCO-A.1-CABN.1-UA.ARMY.MIL,ACDC,1-CA-BN FCS MCS Company A 2nd Platoon,CA-BN-MCS-PLT,Platoon,O
84,1-CA-BN-MCS-CO-A-3-PLT,3-PLT,MCSCO-A.1-CABN.1-UA.ARMY.MIL,1-CA-BN-MCS-CO-A,MCSCO-A,1-CABN.1-UA.ARMY.MIL,1-CA-BN-MCS-CO-A-HQ,CO-HQ,MCSCO-A.1-CABN.1-UA.ARMY.MIL,ACDD,1-CA-BN FCS MCS Company A 3rd Platoon,CA-BN-MCS-PLT,Platoon,O
85,1-CA-BN-MCS-CO-B,MCSCO-B,1-CABN.1-UA.ARMY.MIL,1-CA-BN,1-CABN,1-UA.ARMY.MIL,1-CA-BN-HHC,BN-HHC,1-CABN.1-UA.ARMY.MIL,ACE,1-CA-BN FCS Mounted Combat System Company B,CA-BN-MCS-CO,Company,R
86,1-CA-BN-MCS-CO-B-HQ,CO-HQ,MCSCO-B.1-CABN.1-UA.ARMY.MIL,1-CA-BN-MCS-CO-B,MCSCO-B,1-CABN.1-UA.ARMY.MIL,1-CA-BN-HHC,BN-HHC,1-CABN.1-UA.ARMY.MIL,ACEA,1-CA-BN FCS MCS Company B HQ,CA-BN-MCS-CO-HQ,,O
87,1-CA-BN-MCS-CO-B-1-PLT,1-PLT,MCSCO-B.1-CABN.1-UA.ARMY.MIL,1-CA-BN-MCS-CO-B,MCSCO-B,1-CABN.1-UA.ARMY.MIL,1-CA-BN-MCS-CO-B-HQ,CO-HQ,MCSCO-B.1-CABN.1-UA.ARMY.MIL,ACEB,1-CA-BN FCS MCS Company B 1st Platoon,CA-BN-MCS-PLT,Platoon,O
88,1-CA-BN-MCS-CO-B-2-PLT,2-PLT,MCSCO-B.1-CABN.1-UA.ARMY.MIL,1-CA-BN-MCS-CO-B,MCSCO-B,1-CABN.1-UA.ARMY.MIL,1-CA-BN-MCS-CO-B-HQ,CO-HQ,MCSCO-B.1-CABN.1-UA.ARMY.MIL,ACEC,1-CA-BN FCS MCS Company B 2nd Platoon,CA-BN-MCS-PLT,Platoon,O
89,1-CA-BN-MCS-CO-B-3-PLT,3-PLT,MCSCO-B.1-CABN.1-UA.ARMY.MIL,1-CA-BN-MCS-CO-B,MCSCO-B,1-CABN.1-UA.ARMY.MIL,1-CA-BN-MCS-CO-B-HQ,CO-HQ,MCSCO-B.1-CABN.1-UA.ARMY.MIL,ACED,1-CA-BN FCS MCS Company B 3rd Platoon,CA-BN-MCS-PLT,Platoon,O
90,1-CA-BN-RECON-DET,RECON-DET,1-CABN.1-UA.ARMY.MIL,1-CA-BN,1-CABN,1-UA.ARMY.MIL,1-CA-BN-HHC,BN-HHC,1-CABN.1-UA.ARMY.MIL,ACF,1-CA-BN Recon Detachment,CA-BN-RECON-DET,Detachment,R
91,1-CA-BN-RECON-DET-HQ,DET-HQ,RECON-DET.1-CABN.1-UA.ARMY.MIL,1-CA-BN-RECON-DET,RECON-DET,1-CABN.1-UA.ARMY.MIL,1-CA-BN-HHC,BN-HHC,1-CABN.1-UA.ARMY.MIL,ACFA,1-CA-BN Recon Detachment HQ,CA-BN-RECON-DET-HQ,,O
92,1-CA-BN-RECON-DET-1-PLT,1-PLT,RECON-DET.1-CABN.1-UA.ARMY.MIL,1-CA-BN-RECON-DET,RECON-DET,1-CABN.1-UA.ARMY.MIL,1-CA-BN-RECON-DET-HQ,DET-HQ,RECON-DET.1-CABN.1-UA.ARMY.MIL,ACFB,1-CA-BN Recon Detachment 1st Platoon,CA-BN-RECON-PLT,Platoon,O
93,1-CA-BN-RECON-DET-2-PLT,2-PLT,RECON-DET.1-CABN.1-UA.ARMY.MIL,1-CA-BN-RECON-DET,RECON-DET,1-CABN.1-UA.ARMY.MIL,1-CA-BN-RECON-DET-HQ,DET-HQ,RECON-DET.1-CABN.1-UA.ARMY.MIL,ACFC,1-CA-BN Recon Detachment 2nd Platoon,CA-BN-RECON-PLT,Platoon,O
94,1-CA-BN-RECON-DET-3-PLT,3-PLT,RECON-DET.1-CABN.1-UA.ARMY.MIL,1-CA-BN-RECON-DET,RECON-DET,1-CABN.1-UA.ARMY.MIL,1-CA-BN-RECON-DET-HQ,DET-HQ,RECON-DET.1-CABN.1-UA.ARMY.MIL,ACFD,1-CA-BN Recon Detachment 3rd Platoon,CA-BN-RECON-PLT,Platoon,O
95,1-CA-BN-MORTAR-BTY,MORTAR-BTY,1-CABN.1-UA.ARMY.MIL,1-CA-BN,1-CABN,1-UA.ARMY.MIL,1-CA-BN-HHC,BN-HHC,1-CABN.1-UA.ARMY.MIL,ACG,1-CA-BN Mortar Battery,CA-BN-MORTAR-BTY,Battery,R
96,1-CA-BN-MORTAR-BTY-HQ,BTY-HQ,MORTAR-BTY.1-CABN.1-UA.ARMY.MIL,1-CA-BN-MORTAR-BTY,MORTAR-BTY,1-CABN.1-UA.ARMY.MIL,1-CA-BN-HHC,BN-HHC,1-CABN.1-UA.ARMY.MIL,ACGA,1-CA-BN Mortar Battery HQ,CA-BN-MORTAR-BTY-HQ,,O
97,1-CA-BN-MORTAR-BTY-1-PLT,1-PLT,MORTAR-BTY.1-CABN.1-UA.ARMY.MIL,1-CA-BN-MORTAR-BTY,MORTAR-BTY,1-CABN.1-UA.ARMY.MIL,1-CA-BN-MORTAR-BTY-HQ,BTY-HQ,MORTAR-BTY.1-CABN.1-UA.ARMY.MIL,ACGB,1-CA-BN NLOS Mortar 1st Platoon,CA-BN-MORTAR-PLT,Platoon,O
98,1-CA-BN-MORTAR-BTY-2-PLT,2-PLT,MORTAR-BTY.1-CABN.1-UA.ARMY.MIL,1-CA-BN-MORTAR-BTY,MORTAR-BTY,1-CABN.1-UA.ARMY.MIL,1-CA-BN-MORTAR-BTY-HQ,BTY-HQ,MORTAR-BTY.1-CABN.1-UA.ARMY.MIL,ACGC,1-CA-BN NLOS Mortar 2nd Platoon,CA-BN-MORTAR-PLT,Platoon,O
99,2-CA-BN,2-CA-BN,1-UA.ARMY.MIL,UA,UA,ARMY.MIL,UA-HHC,UA-HHC,1-UA.ARMY.MIL,AD,2nd Combined Arms Battalion,CA-BN,Battalion,R
100,2-CA-BN-HHC,BN-HHC,2-CABN.1-UA.ARMY.MIL,2-CA-BN,2-CA-BN,1-UA.ARMY.MIL,UA-HHC,UA-HHC,1-UA.ARMY.MIL,ADA,2-CA-BN Battalion Headquarters,CA-BN-HHC,Company,R
101,2-CA-BN-MCG,MCG,2-CABN.1-UA.ARMY.MIL,2-CA-BN-HHC,BN-HHC,2-CABN.1-UA.ARMY.MIL,2-CA-BN-HHC,BN-HHC,2-CABN.1-UA.ARMY.MIL,ADAA,2-CA-BN Mobile CMD Group,CA-BN-MCG,,O
102,2-CA-BN-TACP,TACP,2-CABN.1-UA.ARMY.MIL,2-CA-BN-HHC,BN-HHC,2-CABN.1-UA.ARMY.MIL,2-CA-BN-MCG,MCG,2-CABN.1-UA.ARMY.MIL,ADAB,2-CA-BN Tactical-Command-Post,CA-BN-TACP,,O
103,2-CA-BN-MED-PLT,MED-PLT,2-CABN.1-UA.ARMY.MIL,2-CA-BN-HHC,BN-HHC,2-CABN.1-UA.ARMY.MIL,2-CA-BN-MCG,MCG,2-CABN.1-UA.ARMY.MIL,ADAC,2-CA-BN Medical-Platoon,CA-BN-MED-PLT,Platoon,R
104,2-CA-BN-MED-PLT-HQ,MED-PLT-HQ,2-CABN.1-UA.ARMY.MIL,2-CA-BN-MED-PLT,MED-PLT,2-CABN.1-UA.ARMY.MIL,2-CA-BN-MCG,MCG,2-CABN.1-UA.ARMY.MIL,ADACA,2-CA-BN Medical-Platoon HQ,CA-BN-MED-PLT-HQ,,O
105,2-CA-BN-MED-PLT-TREATMENT-SQUAD,MED-PLT-TREATMENT-SQUAD,2-CABN.1-UA.ARMY.MIL,2-CA-BN-MED-PLT,MED-PLT,2-CABN.1-UA.ARMY.MIL,2-CA-BN-MED-PLT-HQ,MED-PLT-HQ,2-CABN.1-UA.ARMY.MIL,ADACB,2-CA-BN Medical-Platoon Treatment Squad,CA-BN-MED-PLT-TREATMENT-SQUAD,Squad,O
106,2-CA-BN-MED-PLT-EVAC-SECTION,MED-PLT-EVAC-SECTION,2-CABN.1-UA.ARMY.MIL,2-CA-BN-MED-PLT,MED-PLT,2-CABN.1-UA.ARMY.MIL,2-CA-BN-MED-PLT-HQ,MED-PLT-HQ,2-CABN.1-UA.ARMY.MIL,ADACC,2-CA-BN Medical-Platoon Evacuation Section,CA-BN-MED-PLT-EVAC-SECTION,Section,O
107,2-CA-BN-SUPPORT-SECTION,SUPPORT-SECTION,2-CABN.1-UA.ARMY.MIL,2-CA-BN-HHC,BN-HHC,2-CABN.1-UA.ARMY.MIL,2-CA-BN-MCG,MCG,2-CABN.1-UA.ARMY.MIL,ADAD,2-CA-BN Support-Section,CA-BN-SUPPORT-SECTION,Section,O
108,2-CA-BN-CO-HQ-SECTION,CO-HQ-SECTION,2-CABN.1-UA.ARMY.MIL,2-CA-BN-HHC,BN-HHC,2-CABN.1-UA.ARMY.MIL,2-CA-BN-MCG,MCG,2-CABN.1-UA.ARMY.MIL,ADAE,2-CA-BN CO HQ Section,CA-BN-CO-HQ-SECTION,Section,O
109,2-CA-BN-INF-CO-A,INFCO-A,2-CABN.1-UA.ARMY.MIL,2-CA-BN,2-CA-BN,1-UA.ARMY.MIL,2-CA-BN-HHC,BN-HHC,2-CABN.1-UA.ARMY.MIL,ADB,2-CA-BN Infantry Company A,CA-BN-INF-CO,Company,R
110,2-CA-BN-INF-CO-A-HQ,CO-HQ,INFCO-A.2-CABN.1-UA.ARMY.MIL,2-CA-BN-INF-CO-A,INFCO-A,2-CABN.1-UA.ARMY.MIL,2-CA-BN-HHC,BN-HHC,2-CABN.1-UA.ARMY.MIL,ADBA,2-CA-BN Infantry Company A HQ,CA-BN-INF-CO-HQ,,O
111,2-CA-BN-INF-CO-A-1-PLT,1-PLT,INFCO-A.2-CABN.1-UA.ARMY.MIL,2-CA-BN-INF-CO-A,INFCO-A,2-CABN.1-UA.ARMY.MIL,2-CA-BN-INF-CO-A-HQ,CO-HQ,INFCO-A.2-CABN.1-UA.ARMY.MIL,ADBB,2-CA-BN Infantry Company A 1st Platoon,CA-BN-INF-PLT,Platoon,O
117,2-CA-BN-INF-CO-A-2-PLT,2-PLT,INFCO-A.2-CABN.1-UA.ARMY.MIL,2-CA-BN-INF-CO-A,INFCO-A,2-CABN.1-UA.ARMY.MIL,2-CA-BN-INF-CO-A-HQ,CO-HQ,INFCO-A.2-CABN.1-UA.ARMY.MIL,ADBC,2-CA-BN Infantry Company A 2nd Platoon,CA-BN-INF-PLT,Platoon,O
123,2-CA-BN-INF-CO-A-3-PLT,3-PLT,INFCO-A.2-CABN.1-UA.ARMY.MIL,2-CA-BN-INF-CO-A,INFCO-A,2-CABN.1-UA.ARMY.MIL,2-CA-BN-INF-CO-A-HQ,CO-HQ,INFCO-A.2-CABN.1-UA.ARMY.MIL,ADBD,2-CA-BN Infantry Company A 3rd Platoon,CA-BN-INF-PLT,Platoon,O
129,2-CA-BN-INF-CO-B,INFCO-B,2-CABN.1-UA.ARMY.MIL,2-CA-BN,2-CA-BN,1-UA.ARMY.MIL,2-CA-BN-HHC,BN-HHC,2-CABN.1-UA.ARMY.MIL,ADC,2-CA-BN Infantry Company B,CA-BN-INF-CO,Company,R
130,2-CA-BN-INF-CO-B-HQ,CO-HQ,INFCO-B.2-CABN.1-UA.ARMY.MIL,2-CA-BN-INF-CO-B,INFCO-B,2-CABN.1-UA.ARMY.MIL,2-CA-BN-HHC,BN-HHC,2-CABN.1-UA.ARMY.MIL,ADCA,2-CA-BN Infantry Company B HQ,CA-BN-INF-CO-HQ,,O
131,2-CA-BN-INF-CO-B-1-PLT,1-PLT,INFCO-B.2-CABN.1-UA.ARMY.MIL,2-CA-BN-INF-CO-B,INFCO-B,2-CABN.1-UA.ARMY.MIL,2-CA-BN-INF-CO-B-HQ,CO-HQ,INFCO-B.2-CABN.1-UA.ARMY.MIL,ADCB,2-CA-BN Infantry Company B 1st Platoon,CA-BN-INF-PLT,Platoon,O
137,2-CA-BN-INF-CO-B-2-PLT,2-PLT,INFCO-B.2-CABN.1-UA.ARMY.MIL,2-CA-BN-INF-CO-B,INFCO-B,2-CABN.1-UA.ARMY.MIL,2-CA-BN-INF-CO-B-HQ,CO-HQ,INFCO-B.2-CABN.1-UA.ARMY.MIL,ADCC,2-CA-BN Infantry Company B 2nd Platoon,CA-BN-INF-PLT,Platoon,O
143,2-CA-BN-INF-CO-B-3-PLT,3-PLT,INFCO-B.2-CABN.1-UA.ARMY.MIL,2-CA-BN-INF-CO-B,INFCO-B,2-CABN.1-UA.ARMY.MIL,2-CA-BN-INF-CO-B-HQ,CO-HQ,INFCO-B.2-CABN.1-UA.ARMY.MIL,ADCD,2-CA-BN Infantry Company B 3rd Platoon,CA-BN-INF-PLT,Platoon,O
149,2-CA-BN-MCS-CO-A,MCSCO-A,2-CABN.1-UA.ARMY.MIL,2-CA-BN,2-CA-BN,1-UA.ARMY.MIL,2-CA-BN-HHC,BN-HHC,2-CABN.1-UA.ARMY.MIL,ADD,2-CA-BN FCS Mounted Combat System Company A,CA-BN-MCS-CO,Company,R
150,2-CA-BN-MCS-CO-A-HQ,CO-HQ,MCSCO-A.2-CABN.1-UA.ARMY.MIL,2-CA-BN-MCS-CO-A,MCSCO-A,2-CABN.1-UA.ARMY.MIL,2-CA-BN-HHC,BN-HHC,2-CABN.1-UA.ARMY.MIL,ADDA,2-CA-BN FCS MCS Company A HQ,CA-BN-MCS-CO-HQ,,O
151,2-CA-BN-MCS-CO-A-1-PLT,1-PLT,MCSCO-A.2-CABN.1-UA.ARMY.MIL,2-CA-BN-MCS-CO-A,MCSCO-A,2-CABN.1-UA.ARMY.MIL,2-CA-BN-MCS-CO-A-HQ,CO-HQ,MCSCO-A.2-CABN.1-UA.ARMY.MIL,ADDB,2-CA-BN FCS MCS Company A 1st Platoon,CA-BN-MCS-PLT,Platoon,O
152,2-CA-BN-MCS-CO-A-2-PLT,2-PLT,MCSCO-A.2-CABN.1-UA.ARMY.MIL,2-CA-BN-MCS-CO-A,MCSCO-A,2-CABN.1-UA.ARMY.MIL,2-CA-BN-MCS-CO-A-HQ,CO-HQ,MCSCO-A.2-CABN.1-UA.ARMY.MIL,ADDC,2-CA-BN FCS MCS Company A 2nd Platoon,CA-BN-MCS-PLT,Platoon,O
153,2-CA-BN-MCS-CO-A-3-PLT,3-PLT,MCSCO-A.2-CABN.1-UA.ARMY.MIL,2-CA-BN-MCS-CO-A,MCSCO-A,2-CABN.1-UA.ARMY.MIL,2-CA-BN-MCS-CO-A-HQ,CO-HQ,MCSCO-A.2-CABN.1-UA.ARMY.MIL,ADDD,2-CA-BN FCS MCS Company A 3rd Platoon,CA-BN-MCS-PLT,Platoon,O
154,2-CA-BN-MCS-CO-B,MCSCO-B,2-CABN.1-UA.ARMY.MIL,2-CA-BN,2-CA-BN,1-UA.ARMY.MIL,2-CA-BN-HHC,BN-HHC,2-CABN.1-UA.ARMY.MIL,ADE,2-CA-BN FCS Mounted Combat System Company B,CA-BN-MCS-CO,Company,R
155,2-CA-BN-MCS-CO-B-HQ,CO-HQ,MCSCO-B.2-CABN.1-UA.ARMY.MIL,2-CA-BN-MCS-CO-B,MCSCO-B,2-CABN.1-UA.ARMY.MIL,2-CA-BN-HHC,BN-HHC,2-CABN.1-UA.ARMY.MIL,ADEA,2-CA-BN FCS MCS Company B HQ,CA-BN-MCS-CO-HQ,,O
156,2-CA-BN-MCS-CO-B-1-PLT,1-PLT,MCSCO-B.2-CABN.1-UA.ARMY.MIL,2-CA-BN-MCS-CO-B,MCSCO-B,2-CABN.1-UA.ARMY.MIL,2-CA-BN-MCS-CO-B-HQ,CO-HQ,MCSCO-B.2-CABN.1-UA.ARMY.MIL,ADEB,2-CA-BN FCS MCS Company B 1st Platoon,CA-BN-MCS-PLT,Platoon,O
157,2-CA-BN-MCS-CO-B-2-PLT,2-PLT,MCSCO-B.2-CABN.1-UA.ARMY.MIL,2-CA-BN-MCS-CO-B,MCSCO-B,2-CABN.1-UA.ARMY.MIL,2-CA-BN-MCS-CO-B-HQ,CO-HQ,MCSCO-B.2-CABN.1-UA.ARMY.MIL,ADEC,2-CA-BN FCS MCS Company B 2nd Platoon,CA-BN-MCS-PLT,Platoon,O
158,2-CA-BN-MCS-CO-B-3-PLT,3-PLT,MCSCO-B.2-CABN.1-UA.ARMY.MIL,2-CA-BN-MCS-CO-B,MCSCO-B,2-CABN.1-UA.ARMY.MIL,2-CA-BN-MCS-CO-B-HQ,CO-HQ,MCSCO-B.2-CABN.1-UA.ARMY.MIL,ADED,2-CA-BN FCS MCS Company B 3rd Platoon,CA-BN-MCS-PLT,Platoon,O
159,2-CA-BN-RECON-DET,RECON-DET,2-CABN.1-UA.ARMY.MIL,2-CA-BN,2-CA-BN,1-UA.ARMY.MIL,2-CA-BN-HHC,BN-HHC,2-CABN.1-UA.ARMY.MIL,ADF,2-CA-BN Recon Detachment,CA-BN-RECON-DET,Detachment,R
160,2-CA-BN-RECON-DET-HQ,DET-HQ,RECON-DET.2-CABN.1-UA.ARMY.MIL,2-CA-BN-RECON-DET,RECON-DET,2-CABN.1-UA.ARMY.MIL,2-CA-BN-HHC,BN-HHC,2-CABN.1-UA.ARMY.MIL,ADFA,2-CA-BN Recon Detachment HQ,CA-BN-RECON-DET-HQ,,O
161,2-CA-BN-RECON-DET-1-PLT,1-PLT,RECON-DET.2-CABN.1-UA.ARMY.MIL,2-CA-BN-RECON-DET,RECON-DET,2-CABN.1-UA.ARMY.MIL,2-CA-BN-RECON-DET-HQ,DET-HQ,RECON-DET.2-CABN.1-UA.ARMY.MIL,ADFB,2-CA-BN Recon Detachment 1st Platoon,CA-BN-RECON-PLT,Platoon,O
162,2-CA-BN-RECON-DET-2-PLT,2-PLT,RECON-DET.2-CABN.1-UA.ARMY.MIL,2-CA-BN-RECON-DET,RECON-DET,2-CABN.1-UA.ARMY.MIL,2-CA-BN-RECON-DET-HQ,DET-HQ,RECON-DET.2-CABN.1-UA.ARMY.MIL,ADFC,2-CA-BN Recon Detachment 2nd Platoon,CA-BN-RECON-PLT,Platoon,O
163,2-CA-BN-RECON-DET-3-PLT,3-PLT,RECON-DET.2-CABN.1-UA.ARMY.MIL,2-CA-BN-RECON-DET,RECON-DET,2-CABN.1-UA.ARMY.MIL,2-CA-BN-RECON-DET-HQ,DET-HQ,RECON-DET.2-CABN.1-UA.ARMY.MIL,ADFD,2-CA-BN Recon Detachment 3rd Platoon,CA-BN-RECON-PLT,Platoon,O
164,2-CA-BN-MORTAR-BTY,MORTAR-BTY,2-CABN.1-UA.ARMY.MIL,2-CA-BN,2-CA-BN,1-UA.ARMY.MIL,2-CA-BN-HHC,BN-HHC,2-CABN.1-UA.ARMY.MIL,ADG,2-CA-BN Mortar Battery,CA-BN-MORTAR-BTY,Battery,R
165,2-CA-BN-MORTAR-BTY-HQ,BTY-HQ,MORTAR-BTY.2-CABN.1-UA.ARMY.MIL,2-CA-BN-MORTAR-BTY,MORTAR-BTY,2-CABN.1-UA.ARMY.MIL,2-CA-BN-HHC,BN-HHC,2-CABN.1-UA.ARMY.MIL,ADGA,2-CA-BN Mortar Battery HQ,CA-BN-MORTAR-BTY-HQ,,O
166,2-CA-BN-MORTAR-BTY-1-PLT,1-PLT,MORTAR-BTY.2-CABN.1-UA.ARMY.MIL,2-CA-BN-MORTAR-BTY,MORTAR-BTY,2-CABN.1-UA.ARMY.MIL,2-CA-BN-MORTAR-BTY-HQ,BTY-HQ,MORTAR-BTY.2-CABN.1-UA.ARMY.MIL,ADGB,2-CA-BN NLOS Mortar 1st Platoon,CA-BN-MORTAR-PLT,Platoon,O
167,2-CA-BN-MORTAR-BTY-2-PLT,2-PLT,MORTAR-BTY.2-CABN.1-UA.ARMY.MIL,2-CA-BN-MORTAR-BTY,MORTAR-BTY,2-CABN.1-UA.ARMY.MIL,2-CA-BN-MORTAR-BTY-HQ,BTY-HQ,MORTAR-BTY.2-CABN.1-UA.ARMY.MIL,ADGC,2-CA-BN NLOS Mortar 2nd Platoon,CA-BN-MORTAR-PLT,Platoon,O
168,3-CA-BN,3-CA-BN,1-UA.ARMY.MIL,UA,UA,ARMY.MIL,UA-HHC,UA-HHC,1-UA.ARMY.MIL,AE,3rd Combined Arms Battalion,CA-BN,Battalion,R
169,3-CA-BN-HHC,BN-HHC,3-CABN.1-UA.ARMY.MIL,3-CA-BN,3-CA-BN,1-UA.ARMY.MIL,UA-HHC,UA-HHC,1-UA.ARMY.MIL,AEA,3-CA-BN Battalion Headquarters,CA-BN-HHC,Company,R
170,3-CA-BN-MCG,MCG,3-CABN.1-UA.ARMY.MIL,3-CA-BN-HHC,BN-HHC,3-CABN.1-UA.ARMY.MIL,3-CA-BN-HQ,#N/A,#N/A,AEAA,3-CA-BN Mobile CMD Group,CA-BN-MCG,,O
171,3-CA-BN-TACP,TACP,3-CABN.1-UA.ARMY.MIL,3-CA-BN-HHC,BN-HHC,3-CABN.1-UA.ARMY.MIL,3-CA-BN-MCG,MCG,3-CABN.1-UA.ARMY.MIL,AEAB,3-CA-BN Tactical-Command-Post,CA-BN-TACP,,O
172,3-CA-BN-MED-PLT,MED-PLT,3-CABN.1-UA.ARMY.MIL,3-CA-BN-HHC,BN-HHC,3-CABN.1-UA.ARMY.MIL,3-CA-BN-MCG,MCG,3-CABN.1-UA.ARMY.MIL,AEAC,3-CA-BN Medical-Platoon,CA-BN-MED-PLT,Platoon,R
173,3-CA-BN-MED-PLT-HQ,MED-PLT-HQ,3-CABN.1-UA.ARMY.MIL,3-CA-BN-MED-PLT,MED-PLT,3-CABN.1-UA.ARMY.MIL,3-CA-BN-MCG,MCG,3-CABN.1-UA.ARMY.MIL,AEACA,3-CA-BN Medical-Platoon HQ,CA-BN-MED-PLT-HQ,,O
174,3-CA-BN-MED-PLT-TREATMENT-SQUAD,MED-PLT-TREATMENT-SQUAD,3-CABN.1-UA.ARMY.MIL,3-CA-BN-MED-PLT,MED-PLT,3-CABN.1-UA.ARMY.MIL,3-CA-BN-MED-PLT-HQ,MED-PLT-HQ,3-CABN.1-UA.ARMY.MIL,AEACB,3-CA-BN Medical-Platoon Treatment Squad,CA-BN-MED-PLT-TREATMENT-SQUAD,Squad,O
175,3-CA-BN-MED-PLT-EVAC-SECTION,MED-PLT-EVAC-SECTION,3-CABN.1-UA.ARMY.MIL,3-CA-BN-MED-PLT,MED-PLT,3-CABN.1-UA.ARMY.MIL,3-CA-BN-MED-PLT-HQ,MED-PLT-HQ,3-CABN.1-UA.ARMY.MIL,AEACC,3-CA-BN Medical-Platoon Evacuation Section,CA-BN-MED-PLT-EVAC-SECTION,Section,O
176,3-CA-BN-SUPPORT-SECTION,SUPPORT-SECTION,3-CABN.1-UA.ARMY.MIL,3-CA-BN-HHC,BN-HHC,3-CABN.1-UA.ARMY.MIL,3-CA-BN-MCG,MCG,3-CABN.1-UA.ARMY.MIL,AEAD,3-CA-BN Support-Section,CA-BN-SUPPORT-SECTION,Section,O
177,3-CA-BN-CO-HQ-SECTION,CO-HQ-SECTION,3-CABN.1-UA.ARMY.MIL,3-CA-BN-HHC,BN-HHC,3-CABN.1-UA.ARMY.MIL,3-CA-BN-MCG,MCG,3-CABN.1-UA.ARMY.MIL,AEAE,3-CA-BN CO HQ Section,CA-BN-CO-HQ-SECTION,Section,O
178,3-CA-BN-INF-CO-A,INFCO-A,3-CABN.1-UA.ARMY.MIL,3-CA-BN,3-CA-BN,1-UA.ARMY.MIL,3-CA-BN-HQ,#N/A,#N/A,AEB,3-CA-BN Infantry Company A,CA-BN-INF-CO,Company,R
179,3-CA-BN-INF-CO-A-HQ,CO-HQ,INFCO-A.3-CABN.1-UA.ARMY.MIL,3-CA-BN-INF-CO-A,INFCO-A,3-CABN.1-UA.ARMY.MIL,3-CA-BN-HQ,#N/A,#N/A,AEBA,3-CA-BN Infantry Company A HQ,CA-BN-INF-CO-HQ,,O
180,3-CA-BN-INF-CO-A-1-PLT,1-PLT,INFCO-A.3-CABN.1-UA.ARMY.MIL,3-CA-BN-INF-CO-A,INFCO-A,3-CABN.1-UA.ARMY.MIL,3-CA-BN-INF-CO-A-HQ,CO-HQ,INFCO-A.3-CABN.1-UA.ARMY.MIL,AEBB,3-CA-BN Infantry Company A 1st Platoon,CA-BN-INF-PLT,Platoon,O
186,3-CA-BN-INF-CO-A-2-PLT,2-PLT,INFCO-A.3-CABN.1-UA.ARMY.MIL,3-CA-BN-INF-CO-A,INFCO-A,3-CABN.1-UA.ARMY.MIL,3-CA-BN-INF-CO-A-HQ,CO-HQ,INFCO-A.3-CABN.1-UA.ARMY.MIL,AEBC,3-CA-BN Infantry Company A 2nd Platoon,CA-BN-INF-PLT,Platoon,O
192,3-CA-BN-INF-CO-A-3-PLT,3-PLT,INFCO-A.3-CABN.1-UA.ARMY.MIL,3-CA-BN-INF-CO-A,INFCO-A,3-CABN.1-UA.ARMY.MIL,3-CA-BN-INF-CO-A-HQ,CO-HQ,INFCO-A.3-CABN.1-UA.ARMY.MIL,AEBD,3-CA-BN Infantry Company A 3rd Platoon,CA-BN-INF-PLT,Platoon,O
198,3-CA-BN-INF-CO-B,INFCO-B,3-CABN.1-UA.ARMY.MIL,3-CA-BN,3-CA-BN,1-UA.ARMY.MIL,3-CA-BN-HQ,#N/A,#N/A,AEC,3-CA-BN Infantry Company B,CA-BN-INF-CO,Company,R
199,3-CA-BN-INF-CO-B-HQ,CO-HQ,INFCO-B.3-CABN.1-UA.ARMY.MIL,3-CA-BN-INF-CO-B,INFCO-B,3-CABN.1-UA.ARMY.MIL,3-CA-BN-HQ,#N/A,#N/A,AECA,3-CA-BN Infantry Company B HQ,CA-BN-INF-CO-HQ,,O
200,3-CA-BN-INF-CO-B-1-PLT,1-PLT,INFCO-B.3-CABN.1-UA.ARMY.MIL,3-CA-BN-INF-CO-B,INFCO-B,3-CABN.1-UA.ARMY.MIL,3-CA-BN-INF-CO-B-HQ,CO-HQ,INFCO-B.3-CABN.1-UA.ARMY.MIL,AECB,3-CA-BN Infantry Company B 1st Platoon,CA-BN-INF-PLT,Platoon,O
206,3-CA-BN-INF-CO-B-2-PLT,2-PLT,INFCO-B.3-CABN.1-UA.ARMY.MIL,3-CA-BN-INF-CO-B,INFCO-B,3-CABN.1-UA.ARMY.MIL,3-CA-BN-INF-CO-B-HQ,CO-HQ,INFCO-B.3-CABN.1-UA.ARMY.MIL,AECC,3-CA-BN Infantry Company B 2nd Platoon,CA-BN-INF-PLT,Platoon,O
212,3-CA-BN-INF-CO-B-3-PLT,3-PLT,INFCO-B.3-CABN.1-UA.ARMY.MIL,3-CA-BN-INF-CO-B,INFCO-B,3-CABN.1-UA.ARMY.MIL,3-CA-BN-INF-CO-B-HQ,CO-HQ,INFCO-B.3-CABN.1-UA.ARMY.MIL,AECD,3-CA-BN Infantry Company B 3rd Platoon,CA-BN-INF-PLT,Platoon,O
218,3-CA-BN-MCS-CO-A,MCSCO-A,3-CABN.1-UA.ARMY.MIL,3-CA-BN,3-CA-BN,1-UA.ARMY.MIL,3-CA-BN-HQ,#N/A,#N/A,AED,3-CA-BN FCS Mounted Combat System Company A,CA-BN-MCS-CO,Company,R
219,3-CA-BN-MCS-CO-A-HQ,CO-HQ,MCSCO-A.3-CABN.1-UA.ARMY.MIL,3-CA-BN-MCS-CO-A,MCSCO-A,3-CABN.1-UA.ARMY.MIL,3-CA-BN-HQ,#N/A,#N/A,AEDA,3-CA-BN FCS MCS Company A HQ,CA-BN-MCS-CO-HQ,,O
220,3-CA-BN-MCS-CO-A-1-PLT,1-PLT,MCSCO-A.3-CABN.1-UA.ARMY.MIL,3-CA-BN-MCS-CO-A,MCSCO-A,3-CABN.1-UA.ARMY.MIL,3-CA-BN-MCS-CO-A-HQ,CO-HQ,MCSCO-A.3-CABN.1-UA.ARMY.MIL,AEDB,3-CA-BN FCS MCS Company A 1st Platoon,CA-BN-MCS-PLT,Platoon,O
221,3-CA-BN-MCS-CO-A-2-PLT,2-PLT,MCSCO-A.3-CABN.1-UA.ARMY.MIL,3-CA-BN-MCS-CO-A,MCSCO-A,3-CABN.1-UA.ARMY.MIL,3-CA-BN-MCS-CO-A-HQ,CO-HQ,MCSCO-A.3-CABN.1-UA.ARMY.MIL,AEDC,3-CA-BN FCS MCS Company A 2nd Platoon,CA-BN-MCS-PLT,Platoon,O
222,3-CA-BN-MCS-CO-A-3-PLT,3-PLT,MCSCO-A.3-CABN.1-UA.ARMY.MIL,3-CA-BN-MCS-CO-A,MCSCO-A,3-CABN.1-UA.ARMY.MIL,3-CA-BN-MCS-CO-A-HQ,CO-HQ,MCSCO-A.3-CABN.1-UA.ARMY.MIL,AEDD,3-CA-BN FCS MCS Company A 3rd Platoon,CA-BN-MCS-PLT,Platoon,O
223,3-CA-BN-MCS-CO-B,MCSCO-B,3-CABN.1-UA.ARMY.MIL,3-CA-BN,3-CA-BN,1-UA.ARMY.MIL,3-CA-BN-HQ,#N/A,#N/A,AEE,3-CA-BN FCS Mounted Combat System Company B,CA-BN-MCS-CO,Company,R
224,3-CA-BN-MCS-CO-B-HQ,CO-HQ,MCSCO-B.3-CABN.1-UA.ARMY.MIL,3-CA-BN-MCS-CO-B,MCSCO-B,3-CABN.1-UA.ARMY.MIL,3-CA-BN-HQ,#N/A,#N/A,AEEA,3-CA-BN FCS MCS Company B HQ,CA-BN-MCS-CO-HQ,,O
225,3-CA-BN-MCS-CO-B-1-PLT,1-PLT,MCSCO-B.3-CABN.1-UA.ARMY.MIL,3-CA-BN-MCS-CO-B,MCSCO-B,3-CABN.1-UA.ARMY.MIL,3-CA-BN-MCS-CO-B-HQ,CO-HQ,MCSCO-B.3-CABN.1-UA.ARMY.MIL,AEEB,3-CA-BN FCS MCS Company B 1st Platoon,CA-BN-MCS-PLT,Platoon,O
226,3-CA-BN-MCS-CO-B-2-PLT,2-PLT,MCSCO-B.3-CABN.1-UA.ARMY.MIL,3-CA-BN-MCS-CO-B,MCSCO-B,3-CABN.1-UA.ARMY.MIL,3-CA-BN-MCS-CO-B-HQ,CO-HQ,MCSCO-B.3-CABN.1-UA.ARMY.MIL,AEEC,3-CA-BN FCS MCS Company B 2nd Platoon,CA-BN-MCS-PLT,Platoon,O
227,3-CA-BN-MCS-CO-B-3-PLT,3-PLT,MCSCO-B.3-CABN.1-UA.ARMY.MIL,3-CA-BN-MCS-CO-B,MCSCO-B,3-CABN.1-UA.ARMY.MIL,3-CA-BN-MCS-CO-B-HQ,CO-HQ,MCSCO-B.3-CABN.1-UA.ARMY.MIL,AEED,3-CA-BN FCS MCS Company B 3rd Platoon,CA-BN-MCS-PLT,Platoon,O
228,3-CA-BN-RECON-DET,RECON-DET,3-CABN.1-UA.ARMY.MIL,3-CA-BN,3-CA-BN,1-UA.ARMY.MIL,3-CA-BN-HQ,#N/A,#N/A,AEF,3-CA-BN Recon Detachment,CA-BN-RECON-DET,Detachment,R
229,3-CA-BN-RECON-DET-HQ,DET-HQ,RECON-DET.3-CABN.1-UA.ARMY.MIL,3-CA-BN-RECON-DET,RECON-DET,3-CABN.1-UA.ARMY.MIL,3-CA-BN-HQ,#N/A,#N/A,AEFA,3-CA-BN Recon Detachment HQ,CA-BN-RECON-DET-HQ,,O
230,3-CA-BN-RECON-DET-1-PLT,1-PLT,RECON-DET.3-CABN.1-UA.ARMY.MIL,3-CA-BN-RECON-DET,RECON-DET,3-CABN.1-UA.ARMY.MIL,3-CA-BN-RECON-DET-HQ,DET-HQ,RECON-DET.3-CABN.1-UA.ARMY.MIL,AEFB,3-CA-BN Recon Detachment 1st Platoon,CA-BN-RECON-PLT,Platoon,O
231,3-CA-BN-RECON-DET-2-PLT,2-PLT,RECON-DET.3-CABN.1-UA.ARMY.MIL,3-CA-BN-RECON-DET,RECON-DET,3-CABN.1-UA.ARMY.MIL,3-CA-BN-RECON-DET-HQ,DET-HQ,RECON-DET.3-CABN.1-UA.ARMY.MIL,AEFC,3-CA-BN Recon Detachment 2nd Platoon,CA-BN-RECON-PLT,Platoon,O
232,3-CA-BN-RECON-DET-3-PLT,3-PLT,RECON-DET.3-CABN.1-UA.ARMY.MIL,3-CA-BN-RECON-DET,RECON-DET,3-CABN.1-UA.ARMY.MIL,3-CA-BN-RECON-DET-HQ,DET-HQ,RECON-DET.3-CABN.1-UA.ARMY.MIL,AEFD,3-CA-BN Recon Detachment 3rd Platoon,CA-BN-RECON-PLT,Platoon,O
233,3-CA-BN-MORTAR-BTY,MORTAR-BTY,3-CABN.1-UA.ARMY.MIL,3-CA-BN,3-CA-BN,1-UA.ARMY.MIL,3-CA-BN-HQ,#N/A,#N/A,AEG,3-CA-BN Mortar Battery,CA-BN-MORTAR-BTY,Battery,R
234,3-CA-BN-MORTAR-BTY-HQ,BTY-HQ,MORTAR-BTY.3-CABN.1-UA.ARMY.MIL,3-CA-BN-MORTAR-BTY,MORTAR-BTY,3-CABN.1-UA.ARMY.MIL,3-CA-BN-HQ,#N/A,#N/A,AEGA,3-CA-BN Mortar Battery HQ,CA-BN-MORTAR-BTY-HQ,,O
235,3-CA-BN-MORTAR-BTY-1-PLT,1-PLT,MORTAR-BTY.3-CABN.1-UA.ARMY.MIL,3-CA-BN-MORTAR-BTY,MORTAR-BTY,3-CABN.1-UA.ARMY.MIL,3-CA-BN-MORTAR-BTY-HQ,BTY-HQ,MORTAR-BTY.3-CABN.1-UA.ARMY.MIL,AEGB,3-CA-BN NLOS Mortar 1st Platoon,CA-BN-MORTAR-PLT,Platoon,O
236,3-CA-BN-MORTAR-BTY-2-PLT,2-PLT,MORTAR-BTY.3-CABN.1-UA.ARMY.MIL,3-CA-BN-MORTAR-BTY,MORTAR-BTY,3-CABN.1-UA.ARMY.MIL,3-CA-BN-MORTAR-BTY-HQ,BTY-HQ,MORTAR-BTY.3-CABN.1-UA.ARMY.MIL,AEGC,3-CA-BN NLOS Mortar 2nd Platoon,CA-BN-MORTAR-PLT,Platoon,O
237,AVN-DET,AVN-DET,1-UA.ARMY.MIL,UA,UA,ARMY.MIL,UA-HHC,UA-HHC,1-UA.ARMY.MIL,AF,Aviation Detachment,AVN-DET,Detachment,R
238,AVN-DET-HQ,DET-HQ,AVN-DET.1-UA.ARMY.MIL,AVN-DET,AVN-DET,1-UA.ARMY.MIL,UA-HHC,UA-HHC,1-UA.ARMY.MIL,AFA,Aviation Detachment HQ,AVN-DET-HQ,,O
239,AVN-DET-FLT-TRP-A,FLT-TRP-A,AVN-DET.1-UA.ARMY.MIL,AVN-DET,AVN-DET,1-UA.ARMY.MIL,AVN-DET-HQ,DET-HQ,AVN-DET.1-UA.ARMY.MIL,AFB,Aviation Detachment Flight Troop A,AVN-DET-FLT-TRP,Troop,R
240,AVN-DET-FLT-TRP-A-HQ,FLT-TRP-A-HQ,AVN-DET.1-UA.ARMY.MIL,AVN-DET-FLT-TRP-A,FLT-TRP-A,AVN-DET.1-UA.ARMY.MIL,AVN-DET-HQ,DET-HQ,AVN-DET.1-UA.ARMY.MIL,AFBA,Aviation Detachment Flight Troop A HQ,AVN-DET-FLT-TRP-HQ,,O
241,AVN-DET-FLT-TRP-A-1-PLT,FLT-TRP-A-1-PLT,AVN-DET.1-UA.ARMY.MIL,AVN-DET-FLT-TRP-A,FLT-TRP-A,AVN-DET.1-UA.ARMY.MIL,AVN-DET-FLT-TRP-A-HQ,FLT-TRP-A-HQ,AVN-DET.1-UA.ARMY.MIL,AFBB,Aviation Detachment Flight Troop A 1st platoon,AVN-DET-FLT-TRP-PLT,Platoon,O
242,AVN-DET-FLT-TRP-A-2-PLT,FLT-TRP-A-2-PLT,AVN-DET.1-UA.ARMY.MIL,AVN-DET-FLT-TRP-A,FLT-TRP-A,AVN-DET.1-UA.ARMY.MIL,AVN-DET-FLT-TRP-A-HQ,FLT-TRP-A-HQ,AVN-DET.1-UA.ARMY.MIL,AFBC,Aviation Detachment Flight Troop A 2nd Platoon,AVN-DET-FLT-TRP-PLT,Platoon,O
243,AVN-DET-FLT-TRP-A-SPT-PLT,FLT-TRP-A-SPT-PLT,AVN-DET.1-UA.ARMY.MIL,AVN-DET-FLT-TRP-A,FLT-TRP-A,AVN-DET.1-UA.ARMY.MIL,AVN-DET-FLT-TRP-A-HQ,FLT-TRP-A-HQ,AVN-DET.1-UA.ARMY.MIL,AFBD,Aviation Detachment Flight Troop A Support Platoon,AVN-DET-FLT-TRP-SPT-PLT,Platoon,O
244,AVN-DET-FLT-TRP-B,FLT-TRP-B,AVN-DET.1-UA.ARMY.MIL,AVN-DET,AVN-DET,1-UA.ARMY.MIL,AVN-DET-HQ,DET-HQ,AVN-DET.1-UA.ARMY.MIL,AFC,Aviation Detachment Flight Troop B,AVN-DET-FLT-TRP,,R
245,AVN-DET-FLT-TRP-B-HQ,FLT-TRP-B-HQ,AVN-DET.1-UA.ARMY.MIL,AVN-DET-FLT-TRP-B,FLT-TRP-B,AVN-DET.1-UA.ARMY.MIL,AVN-DET-HQ,DET-HQ,AVN-DET.1-UA.ARMY.MIL,AFCA,Aviation Detachment Flight Troop B HQ,AVN-DET-FLT-TRP-HQ,,O
246,AVN-DET-FLT-TRP-B-1-PLT,FLT-TRP-B-1-PLT,AVN-DET.1-UA.ARMY.MIL,AVN-DET-FLT-TRP-B,FLT-TRP-B,AVN-DET.1-UA.ARMY.MIL,AVN-DET-FLT-TRP-B-HQ,FLT-TRP-B-HQ,AVN-DET.1-UA.ARMY.MIL,AFCB,Aviation Detachment Flight Troop B 1st platoon,AVN-DET-FLT-TRP-PLT,Platoon,O
247,AVN-DET-FLT-TRP-B-2-PLT,FLT-TRP-B-2-PLT,AVN-DET.1-UA.ARMY.MIL,AVN-DET-FLT-TRP-B,FLT-TRP-B,AVN-DET.1-UA.ARMY.MIL,AVN-DET-FLT-TRP-B-HQ,FLT-TRP-B-HQ,AVN-DET.1-UA.ARMY.MIL,AFCC,Aviation Detachment Flight Troop B 2nd Platoon,AVN-DET-FLT-TRP-PLT,Platoon,O
248,AVN-DET-FLT-TRP-B-SPT-PLT,FLT-TRP-B-SPT-PLT,AVN-DET.1-UA.ARMY.MIL,AVN-DET-FLT-TRP-B,FLT-TRP-B,AVN-DET.1-UA.ARMY.MIL,AVN-DET-FLT-TRP-B-HQ,FLT-TRP-B-HQ,AVN-DET.1-UA.ARMY.MIL,AFCD,Aviation Detachment Flight Troop B Support Platoon,AVN-DET-FLT-TRP-SPT-PLT,Platoon,O
249,AVN-DET-SVC-TRP,SVC-TRP,AVN-DET.1-UA.ARMY.MIL,AVN-DET,AVN-DET,1-UA.ARMY.MIL,AVN-DET-HQ,DET-HQ,AVN-DET.1-UA.ARMY.MIL,AFD,Aviation Detachment Service Troop,AVN-DET-SVC-TRP,Troop,R
250,AVN-DET-SVC-TRP-HQ,SVC-TRP-HQ,AVN-DET.1-UA.ARMY.MIL,AVN-DET-SVC-TRP,SVC-TRP,AVN-DET.1-UA.ARMY.MIL,AVN-DET-HQ,DET-HQ,AVN-DET.1-UA.ARMY.MIL,AFDA,Aviation Detachment Service Troop HQ,AVN-DET-SVC-TRP-HQ,,O
251,AVN-DET-SVC-TRP-MAINT-PLT,SVC-TRP-MAINT-PLT,AVN-DET.1-UA.ARMY.MIL,AVN-DET-SVC-TRP,SVC-TRP,AVN-DET.1-UA.ARMY.MIL,AVN-DET-SVC-TRP-HQ,SVC-TRP-HQ,AVN-DET.1-UA.ARMY.MIL,AFDB,Aviation Detachment Service Troop Maintenance Platoon,AVN-DET-SVC-TRP-MAINT-PLT,Platoon,R
252,AVN-DET-SVC-TRP-MAINT-PLT-HQ,SVC-TRP-MAINT-PLT-HQ,AVN-DET.1-UA.ARMY.MIL,AVN-DET-SVC-TRP-MAINT-PLT,SVC-TRP-MAINT-PLT,AVN-DET.1-UA.ARMY.MIL,AVN-DET-SVC-TRP-HQ,SVC-TRP-HQ,AVN-DET.1-UA.ARMY.MIL,AFDBA,Aviation Detachment Service Troop Maintenance Platoon HQ,AVN-DET-SVC-TRP-MAINT-PLT-HQ,,O
253,AVN-DET-SVC-TRP-ARMT-ELEC-REPAIR-SECTION,SVC-TRP-ARMT-ELEC-REPAIR-SECTION,AVN-DET.1-UA.ARMY.MIL,AVN-DET-SVC-TRP-MAINT-PLT,SVC-TRP-MAINT-PLT,AVN-DET.1-UA.ARMY.MIL,AVN-DET-SVC-TRP-MAINT-PLT-HQ,SVC-TRP-MAINT-PLT-HQ,AVN-DET.1-UA.ARMY.MIL,AFDBB,Aviation Detachment Service Troop ARMT/ELEC Repair Section,AVN-DET-SVC-TRP-ARMT-ELEC-REPAIR-SECTION,Section,O
254,AVN-DET-SVC-TRP-AIRCRAFT-REPAIR-SECTION,SVC-TRP-AIRCRAFT-REPAIR-SECTION,AVN-DET.1-UA.ARMY.MIL,AVN-DET-SVC-TRP-MAINT-PLT,SVC-TRP-MAINT-PLT,AVN-DET.1-UA.ARMY.MIL,AVN-DET-SVC-TRP-MAINT-PLT-HQ,SVC-TRP-MAINT-PLT-HQ,AVN-DET.1-UA.ARMY.MIL,AFDBC,Aviation Detachment Service Troop Aircraft Repair Section,AVN-DET-SVC-TRP-AIRCRAFT-REPAIR-SECTION,Section,O
255,AVN-DET-SVC-TRP-AIRFRAME-REPAIR-SECTION,SVC-TRP-AIRFRAME-REPAIR-SECTION,AVN-DET.1-UA.ARMY.MIL,AVN-DET-SVC-TRP-MAINT-PLT,SVC-TRP-MAINT-PLT,AVN-DET.1-UA.ARMY.MIL,AVN-DET-SVC-TRP-MAINT-PLT-HQ,SVC-TRP-MAINT-PLT-HQ,AVN-DET.1-UA.ARMY.MIL,AFDBD,Aviation Detachment Service TroopAirframe Repair Section,AVN-DET-SVC-TRP-AIRFRAME-REPAIR-SECTION,Section,O
256,AVN-DET-SVC-TRP-SUPPORT-PLT,SVC-TRP-SUPPORT-PLT,AVN-DET.1-UA.ARMY.MIL,AVN-DET-SVC-TRP,SVC-TRP,AVN-DET.1-UA.ARMY.MIL,AVN-DET-SVC-TRP-HQ,SVC-TRP-HQ,AVN-DET.1-UA.ARMY.MIL,AFDC,Aviation Detachment Service Troop Support Platoon,AVN-DET-SVC-TRP-SUPPORT-PLT,Platoon,O
257,NLOS-BN,NLOS-BN,1-UA.ARMY.MIL,UA,UA,ARMY.MIL,UA-HHC,UA-HHC,1-UA.ARMY.MIL,AG,NLOS Battalion,NLOS-BN,Battalion,R
258,NLOS-BN-HHB,BN-HHB,NLOS-BN.1-UA.ARMY.MIL,NLOS-BN,NLOS-BN,1-UA.ARMY.MIL,UA-HHC,UA-HHC,1-UA.ARMY.MIL,AGA,NLOS Battalion HQ,NLOS-BN-HHB,,R
259,NLOS-BN-BTRY-HQ,BTY-HQ,NLOS-BN.1-UA.ARMY.MIL,NLOS-BN-HHB,BN-HHB,NLOS-BN.1-UA.ARMY.MIL,NLOS-BN-HHB,BN-HHB,NLOS-BN.1-UA.ARMY.MIL,AGAA,NLOS Battalion Battery HQ,NLOS-BN-BTRY-HQ,,O
260,NLOS-BN-CIC,CIC,NLOS-BN.1-UA.ARMY.MIL,NLOS-BN-HHB,BN-HHB,NLOS-BN.1-UA.ARMY.MIL,NLOS-BN-BTRY-HQ,BTY-HQ,NLOS-BN.1-UA.ARMY.MIL,AGAB,NLOS Battalion Command Integration Cell,NLOS-BN-CIC,,R
261,NLOS-BN-CIC-CMD-GRP,CIC-CMD-GRP,NLOS-BN.1-UA.ARMY.MIL,NLOS-BN-CIC,CIC,NLOS-BN.1-UA.ARMY.MIL,NLOS-BN-BTRY-HQ,BTY-HQ,NLOS-BN.1-UA.ARMY.MIL,AGABA,NLOS Battalion CIC Command Group,NLOS-BN-CIC-CMD-GRP,,O
262,NLOS-BN-CIC-STAFF-CELLS,CIC-STAFF-CELLS,NLOS-BN.1-UA.ARMY.MIL,NLOS-BN-CIC,CIC,NLOS-BN.1-UA.ARMY.MIL,NLOS-BN-CIC-CMD-GRP,CIC-CMD-GRP,NLOS-BN.1-UA.ARMY.MIL,AGABB,NLOS Battalion CIC Staff Cells,NLOS-BN-CIC-STAFF-CELLS,,O
263,NLOS-BN-NLOS-LS-PLT,NLOS-LS-PLT,NLOS-BN.1-UA.ARMY.MIL,NLOS-BN-HHB,BN-HHB,NLOS-BN.1-UA.ARMY.MIL,NLOS-BN-BTRY-HQ,BTY-HQ,NLOS-BN.1-UA.ARMY.MIL,AGAC,NLOS Battalion Launch System Platoon,NLOS-BN-NLOS-LS-PLT,Platoon,O
264,NLOS-BN-SENSOR-PLT,SENSOR-PLT,NLOS-BN.1-UA.ARMY.MIL,NLOS-BN-HHB,BN-HHB,NLOS-BN.1-UA.ARMY.MIL,NLOS-BN-BTRY-HQ,BTY-HQ,NLOS-BN.1-UA.ARMY.MIL,AGAD,NLOS Battalion Sensor Platoon,NLOS-BN-SENSOR-PLT,Platoon,R
265,NLOS-BN-SENSOR-PLT-HQ,SENSOR-PLT-HQ,NLOS-BN.1-UA.ARMY.MIL,NLOS-BN-SENSOR-PLT,SENSOR-PLT,NLOS-BN.1-UA.ARMY.MIL,NLOS-BN-BTRY-HQ,BTY-HQ,NLOS-BN.1-UA.ARMY.MIL,AGADA,NLOS Battalion Sensor Platoon HQ,NLOS-BN-SENSOR-PLT-HQ,,O
266,NLOS-BN-RADAR-SECTION,RADAR-SECTION,NLOS-BN.1-UA.ARMY.MIL,NLOS-BN-SENSOR-PLT,SENSOR-PLT,NLOS-BN.1-UA.ARMY.MIL,NLOS-BN-SENSOR-PLT-HQ,SENSOR-PLT-HQ,NLOS-BN.1-UA.ARMY.MIL,AGADB,NLOS Battalion Radar Section,NLOS-BN-RADAR-SECTION,Section,O
267,NLOS-BN-UAV-CL-III-SECTION,UAV-CL-III-SECTION,NLOS-BN.1-UA.ARMY.MIL,NLOS-BN-SENSOR-PLT,SENSOR-PLT,NLOS-BN.1-UA.ARMY.MIL,NLOS-BN-SENSOR-PLT-HQ,SENSOR-PLT-HQ,NLOS-BN.1-UA.ARMY.MIL,AGADC,NLOS Battalion UAV Class III Section,NLOS-BN-UAV-CL-III-SECTION,Section,O
268,NLOS-BN-BTY-A,BTY-A,NLOS-BN.1-UA.ARMY.MIL,NLOS-BN,NLOS-BN,1-UA.ARMY.MIL,NLOS-BN-HHB,BN-HHB,NLOS-BN.1-UA.ARMY.MIL,AGB,NLOS Battalion Battery A,NLOS-BN-BTY,Battery,R
269,NLOS-BN-BTY-A-HQ,BTY-A-HQ,NLOS-BN.1-UA.ARMY.MIL,NLOS-BN-BTY-A,BTY-A,NLOS-BN.1-UA.ARMY.MIL,NLOS-BN-HHB,BN-HHB,NLOS-BN.1-UA.ARMY.MIL,AGBA,NLOS Battalion Battery A HQ,NLOS-BN-BTY-HQ,,O
270,NLOS-BN-BTY-A-1-CANNON-PLT,BTY-A-1-CANNON-PLT,NLOS-BN.1-UA.ARMY.MIL,NLOS-BN-BTY-A,BTY-A,NLOS-BN.1-UA.ARMY.MIL,NLOS-BN-BTY-A-HQ,BTY-A-HQ,NLOS-BN.1-UA.ARMY.MIL,AGBB,NLOS Battalion Battery A 1st Cannon Platoon,NLOS-BN-CANNON-PLT,Platoon,O
271,NLOS-BN-BTY-A-2-CANNON-PLT,BTY-A-2-CANNON-PLT,NLOS-BN.1-UA.ARMY.MIL,NLOS-BN-BTY-A,BTY-A,NLOS-BN.1-UA.ARMY.MIL,NLOS-BN-BTY-A-HQ,BTY-A-HQ,NLOS-BN.1-UA.ARMY.MIL,AGBC,NLOS Battalion Battery A 2nd Cannon Platoon,NLOS-BN-CANNON-PLT,Platoon,O
272,NLOS-BN-BTY-B,BTY-B,NLOS-BN.1-UA.ARMY.MIL,NLOS-BN,NLOS-BN,1-UA.ARMY.MIL,NLOS-BN-HHB,BN-HHB,NLOS-BN.1-UA.ARMY.MIL,AGC,NLOS Battalion Battery B,NLOS-BN-BTY,Battery,R
273,NLOS-BN-BTY-B-HQ,BTY-B-HQ,NLOS-BN.1-UA.ARMY.MIL,NLOS-BN-BTY-B,BTY-B,NLOS-BN.1-UA.ARMY.MIL,NLOS-BN-HHB,BN-HHB,NLOS-BN.1-UA.ARMY.MIL,AGCA,NLOS Battalion Battery B HQ,NLOS-BN-BTY-HQ,,O
274,NLOS-BN-BTY-B-1-CANNON-PLT,BTY-B-1-CANNON-PLT,NLOS-BN.1-UA.ARMY.MIL,NLOS-BN-BTY-B,BTY-B,NLOS-BN.1-UA.ARMY.MIL,NLOS-BN-BTY-B-HQ,BTY-B-HQ,NLOS-BN.1-UA.ARMY.MIL,AGCB,NLOS Battalion Battery B 1st Cannon Platoon,NLOS-BN-CANNON-PLT,Platoon,O
275,NLOS-BN-BTY-B-2-CANNON-PLT,BTY-B-2-CANNON-PLT,NLOS-BN.1-UA.ARMY.MIL,NLOS-BN-BTY-B,BTY-B,NLOS-BN.1-UA.ARMY.MIL,NLOS-BN-BTY-B-HQ,BTY-B-HQ,NLOS-BN.1-UA.ARMY.MIL,AGCC,NLOS Battalion Battery B 2nd Cannon Platoon,NLOS-BN-CANNON-PLT,Platoon,O
276,NLOS-BN-BTY-C,BTY-C,NLOS-BN.1-UA.ARMY.MIL,NLOS-BN,NLOS-BN,1-UA.ARMY.MIL,NLOS-BN-HHB,BN-HHB,NLOS-BN.1-UA.ARMY.MIL,AGD,NLOS Battalion Battery C,NLOS-BN-BTY,Battery,R
277,NLOS-BN-BTY-C-HQ,BTY-C-HQ,NLOS-BN.1-UA.ARMY.MIL,NLOS-BN-BTY-C,BTY-C,NLOS-BN.1-UA.ARMY.MIL,NLOS-BN-HHB,BN-HHB,NLOS-BN.1-UA.ARMY.MIL,AGDA,NLOS Battalion Battery C HQ,NLOS-BN-BTY-HQ,,O
278,NLOS-BN-BTY-C-1-CANNON-PLT,BTY-C-1-CANNON-PLT,NLOS-BN.1-UA.ARMY.MIL,NLOS-BN-BTY-C,BTY-C,NLOS-BN.1-UA.ARMY.MIL,NLOS-BN-BTY-C-HQ,BTY-C-HQ,NLOS-BN.1-UA.ARMY.MIL,AGDB,NLOS Battalion Battery C 1st Cannon Platoon,NLOS-BN-CANNON-PLT,Platoon,O
279,NLOS-BN-BTY-C-2-CANNON-PLT,BTY-C-2-CANNON-PLT,NLOS-BN.1-UA.ARMY.MIL,NLOS-BN-BTY-C,BTY-C,NLOS-BN.1-UA.ARMY.MIL,NLOS-BN-BTY-C-HQ,BTY-C-HQ,NLOS-BN.1-UA.ARMY.MIL,AGDC,NLOS Battalion Battery C 2nd Cannon Platoon,NLOS-BN-CANNON-PLT,Platoon,O
280,FSB,FSB,1-UA.ARMY.MIL,UA,UA,ARMY.MIL,UA-HHC,UA-HHC,1-UA.ARMY.MIL,AH,FSB,FSB,Batallion,R
281,FSB-HHC,BN-HHC,FSB.1-UA.ARMY.MIL,FSB,FSB,1-UA.ARMY.MIL,UA-HHC,UA-HHC,1-UA.ARMY.MIL,AHA,FSB HQ,FSB-HHC,Company,R
282,FSB-CO-HQ,CO-HQ,FSB.1-UA.ARMY.MIL,FSB-HHC,BN-HHC,FSB.1-UA.ARMY.MIL,FSB-HHC,BN-HHC,FSB.1-UA.ARMY.MIL,AHAA,FSB HHC,FSB-CO-HQ,,O
283,FSB-CIC,CIC,FSB.1-UA.ARMY.MIL,FSB-HHC,BN-HHC,FSB.1-UA.ARMY.MIL,FSB-CO-HQ,CO-HQ,FSB.1-UA.ARMY.MIL,AHAB,FSB CIC,FSB-CIC,,O
284,FSB-DISTRO-MGT-CELL,DISTRO-MGT-CELL,FSB.1-UA.ARMY.MIL,FSB-HHC,BN-HHC,FSB.1-UA.ARMY.MIL,FSB-CO-HQ,CO-HQ,FSB.1-UA.ARMY.MIL,AHAC,FSB Distrib ution Management Cell,FSB-DISTRO-MGT-CELL,Platoon,O
285,FSB-STAFF-CELL,STAFF-CELL,FSB.1-UA.ARMY.MIL,FSB-HHC,BN-HHC,FSB.1-UA.ARMY.MIL,FSB-CO-HQ,CO-HQ,FSB.1-UA.ARMY.MIL,AHAD,FSB Staff Cell,FSB-STAFF-CELL,,O
286,FSB-MED-CO,MED-CO,FSB.1-UA.ARMY.MIL,FSB,FSB,1-UA.ARMY.MIL,FSB-HHC,BN-HHC,FSB.1-UA.ARMY.MIL,AHB,FSB Medical Surgical Company,FSB-MED-CO,Company,R
287,FSB-MED-CO-HQ,MED-CO-HQ,FSB.1-UA.ARMY.MIL,FSB-MED-CO,MED-CO,FSB.1-UA.ARMY.MIL,FSB-HHC,BN-HHC,FSB.1-UA.ARMY.MIL,AHBA,FSB Medical Surgical Company HQ,FSB-MED-CO-HQ,,O
288,FSB-TREATMENT-PLT,TREATMENT-PLT,FSB.1-UA.ARMY.MIL,FSB-MED-CO,MED-CO,FSB.1-UA.ARMY.MIL,FSB-MED-CO-HQ,MED-CO-HQ,FSB.1-UA.ARMY.MIL,AHBB,FSB Treatment Platoon,FSB-TREATMENT-PLT,Platoon,O
289,FSB-HOLDING-DET,HOLDING-DET,FSB.1-UA.ARMY.MIL,FSB-MED-CO,MED-CO,FSB.1-UA.ARMY.MIL,FSB-MED-CO-HQ,MED-CO-HQ,FSB.1-UA.ARMY.MIL,AHBC,FSB Holding Detachment,FSB-HOLDING-DET,Detachment,O
290,FSB-SURG-PLT,SURG-PLT,FSB.1-UA.ARMY.MIL,FSB-MED-CO,MED-CO,FSB.1-UA.ARMY.MIL,FSB-MED-CO-HQ,MED-CO-HQ,FSB.1-UA.ARMY.MIL,AHBD,FSB Surgical Platoon,FSB-SURG-PLT,Platoon,O
291,FSB-EVAC-PLT,EVAC-PLT,FSB.1-UA.ARMY.MIL,FSB-MED-CO,MED-CO,FSB.1-UA.ARMY.MIL,FSB-MED-CO-HQ,MED-CO-HQ,FSB.1-UA.ARMY.MIL,AHBE,FSB Evacuation Platoon,FSB-EVAC-PLT,Platoon,R
292,FSB-EVAC-PLT-HQ,EVAC-PLT-HQ,FSB.1-UA.ARMY.MIL,FSB-EVAC-PLT,EVAC-PLT,FSB.1-UA.ARMY.MIL,FSB-MED-CO-HQ,MED-CO-HQ,FSB.1-UA.ARMY.MIL,AHBEA,FSB Evacuation Platoon HQ,FSB-EVAC-PLT-HQ,,O
293,FSB-AREA-SPT-EVAC-SECTION,AREA-SPT-EVAC-SECTION,FSB.1-UA.ARMY.MIL,FSB-EVAC-PLT,EVAC-PLT,FSB.1-UA.ARMY.MIL,FSB-EVAC-PLT-HQ,EVAC-PLT-HQ,FSB.1-UA.ARMY.MIL,AHBEB,FSB Area Support Evacuation Section,FSB-AREA-SPT-EVAC-SECTION,Section,O
294,FSB-FWD-EVAC-SECTION,FWD-EVAC-SECTION,FSB.1-UA.ARMY.MIL,FSB-EVAC-PLT,EVAC-PLT,FSB.1-UA.ARMY.MIL,FSB-EVAC-PLT-HQ,EVAC-PLT-HQ,FSB.1-UA.ARMY.MIL,AHBEC,FSB Forward Evacuation Section,FSB-FWD-EVAC-SECTION,Section,O
295,FSB-SUSTAIN-CO,SUSTAIN-CO,FSB.1-UA.ARMY.MIL,FSB,FSB,1-UA.ARMY.MIL,FSB-HHC,BN-HHC,FSB.1-UA.ARMY.MIL,AHC,FSB Sustainment Company,FSB-SUSTAIN-CO,Company,R
296,FSB-SUSTAIN-CO-HQ,SUSTAIN-CO-HQ,FSB.1-UA.ARMY.MIL,FSB-SUSTAIN-CO,SUSTAIN-CO,FSB.1-UA.ARMY.MIL,FSB-HHC,BN-HHC,FSB.1-UA.ARMY.MIL,AHCA,FSB Sustainment Company HQ,FSB-SUSTAIN-CO-HQ,,O
297,FSB-MAINT-PLT,MAINT-PLT,FSB.1-UA.ARMY.MIL,FSB-SUSTAIN-CO,SUSTAIN-CO,FSB.1-UA.ARMY.MIL,FSB-SUSTAIN-CO-HQ,SUSTAIN-CO-HQ,FSB.1-UA.ARMY.MIL,AHCB,FSB Maintenance Platoon,FSB-MAINT-PLT,Platoon,O
298,FSB-DISTRO-PLT,DISTRO-PLT,FSB.1-UA.ARMY.MIL,FSB-SUSTAIN-CO,SUSTAIN-CO,FSB.1-UA.ARMY.MIL,FSB-SUSTAIN-CO-HQ,SUSTAIN-CO-HQ,FSB.1-UA.ARMY.MIL,AHCC,FSB Distribution Platoon,FSB-DISTRO-PLT,Platoon,R
299,FSB-DISTRO-PLT-HQ,DISTRO-PLT-HQ,FSB.1-UA.ARMY.MIL,FSB-DISTRO-PLT,DISTRO-PLT,FSB.1-UA.ARMY.MIL,FSB-SUSTAIN-CO-HQ,SUSTAIN-CO-HQ,FSB.1-UA.ARMY.MIL,AHCCA,FSB Distribution Platoon HQ,FSB-DISTRO-PLT-HQ,,O
300,FSB-UAV-SUSTAIN-MAINT-SECTION,UAV-SUSTAIN-MAINT-SECTION,FSB.1-UA.ARMY.MIL,FSB-DISTRO-PLT,DISTRO-PLT,FSB.1-UA.ARMY.MIL,FSB-DISTRO-PLT-HQ,DISTRO-PLT-HQ,FSB.1-UA.ARMY.MIL,AHCCB,FSB Distribution Platoon UAV Sustainment/Maintenance Section,FSB-UAV-SUSTAIN-MAINT-SECTION,,O
301,FSB-FUEL-WATER-SECTION,FUEL-WATER-SECTION,FSB.1-UA.ARMY.MIL,FSB-DISTRO-PLT,DISTRO-PLT,FSB.1-UA.ARMY.MIL,FSB-DISTRO-PLT-HQ,DISTRO-PLT-HQ,FSB.1-UA.ARMY.MIL,AHCCC,FSB Distribution Platoon Fuel/Water Section,FSB-FUEL-WATER-SECTION,Section,O
302,FSB-DRY-CARGO-SECTION,DRY-CARGO-SECTION,FSB.1-UA.ARMY.MIL,FSB-DISTRO-PLT,DISTRO-PLT,FSB.1-UA.ARMY.MIL,FSB-DISTRO-PLT-HQ,DISTRO-PLT-HQ,FSB.1-UA.ARMY.MIL,AHCCD,FSB Distribution Platoon Dry Cargo Section,FSB-DRY-CARGO-SECTION,Section,O
